"digi_id","title","description","date","transcript status","transcript topic category","DS3 project","recording and transcript","extracted people and topics","Are you working with this transcript? Put your name here!","Are you creating a Wikidata item for this transcript? Put your name here!","featured?",
"RG_9_8_17","Clark, Sam -- Radio Personality and Producer of the Record <emph render=""italic"">Black Americans</emph>","Dr. Roscoe C. Brown, Jr. and Sam Clark discuss Clark's record <emph render=""italic"">Black Americans</emph>, a record that addresses Blacks and the United States Bicentennial, and whether or not the Black man is still fighting the United States government.","1976-01-07","Finished","Culture & the arts",,"http://hdl.handle.net/2333.1/9w0vtbhc",,,,"Juneteenth/emancipation",
"RG_9_8_181","Greaves, William -- Independent Filmmaker and Producer of <emph render=""italic"">From These Roots</emph>","Dr. Roscoe C. Brown, Jr. and William Greaves discuss how Black filmmakers during the 1960s and 1970s moved to the forefront of independent filmmakers.","1976-06-30","Finished","Culture & the arts",,"http://hdl.handle.net/2333.1/mkkwhf73",,,"Fernsebner","Juneteenth/emancipation",
"RG_9_8_64","Florence Jackson, Carol Banks, and Robert Williams -- Director for the Center for the Humanities and the Arts of the New York City Board of Education, Staff Member of NYU's Institute of Afro-American Affairs, and the Director of Community Affairs for the New York City Bicentennial Corporation","Dr. Roscoe C. Brown, Jr., Carol Banks, Florence Jackson, and Robert Williams discuss the booklet<emph render=""italic""> Ebony Patriots</emph>, which describes the participation of Black soldiers in various battles of the Revolutionary War in New York City and its surroundings.","1976-11-02",,"Politics & Community Affairs",,"http://hdl.handle.net/2333.1/51c5b618",,,,"Juneteenth/emancipation",
"RG_9_8_116","Gutman, Dr. Herbert -- Professor and Author of the <emph render=""italic"">Black Family in Slavery and Freedom</emph>","Dr. Roscoe C. Brown, Jr. and Dr. Herbert Gutman discuss the dynamic of the Black family in the United States, a topic explored in Gutman's book <emph render=""italic"">Black Family in Slavery and Freedom</emph>.","1976-12-28",,"Culture & the arts",,"http://hdl.handle.net/2333.1/h44j15ww",,,,"Juneteenth/emancipation mentioned",
"RG_9_8_70","Maynard, Joan -- Executive Director of the Society for the Preservation of Weeksville and Bedford-Stuyvesant History","Dr. Roscoe C. Brown, Jr. and Joan Maynard discuss Weeksville, a community where freed slaves settled during the first half of the 19th Century. They also speak about the Society for the Preservation of Weeksville and Bedford-Stuyvesant History, which was initially created in order to restore three houses within the original perimeter of Weeksville.","1975-09-02","Finished","Politics & Community Affairs","Y","http://hdl.handle.net/2333.1/cfxpp33m",,,,"Juneteenth/Weeksville",
"RG9-8_ref4324","Montgomery, Barbara--Actress from La MaMa Experimental Theatre Club's <emph render=""italic"">Macbeth</emph>","Dr. Roscoe C. Brown, Jr. and actress Barbara Montgomery discuss La MaMa's <emph render=""italic"">Macbeth</emph> production.","1977-05-04","Finished","Culture & the arts","Y","http://hdl.handle.net/2333.1/vx0k6mtm","https://docs.google.com/spreadsheets/d/1-ggzX5GCpWnwZuGuLfIyGCRxEeD58pNpZ-tCu7hyl8A/edit?usp=sharing",,,"Y",
"RG9-8_ref4328","Davis, Gordon -- Commissioner of Parks and Recreation for the City of New York","Dr. Roscoe C. Brown, Jr. and Gordon Davis discuss the extensive park system of New York City.",1978,"Finished","Politics & Community Affairs","Y","http://hdl.handle.net/2333.1/r4xgxm82","https://docs.google.com/spreadsheets/d/10PhV8OxpevZz4Rp7tOHEEj49RdLElAQo-93OaGmgABQ/edit#gid=327895466",,,"Y",
"RG9-8_ref4330","Jones, Robert Earle -- Actor, Athlete, Scholar, and Patron of the Arts","Dr. Roscoe C. Brown, Jr. and Robert Earle Jones discuss Jones' background and career.",1978,"Finished","Culture & the arts","Y","http://hdl.handle.net/2333.1/gmsbck6b","https://docs.google.com/spreadsheets/d/1YoqscLcBttyIT502MnTO9x2bvuey1HyGturdynr-j00/edit?usp=sharing",,,"Y",
"RG9_8_100","Butts, Dr. Hugh -- Director of the Bronx Psychiatric Center","Dr. Roscoe C. Brown, Jr. and Dr. Hugh Butts discuss the lack of mental health resources available to the economically-deprived communities in the Bronx.",1978,"Finished","Politics & Community Affairs","Y","http://hdl.handle.net/2333.1/4f4qrnpw","https://docs.google.com/spreadsheets/d/1BQN7-5eGRJaAZu1UmIHLnmIBjNCXgVOgfTAf7sJzcao/edit?usp=sharing",,,"Y",
"RG_9_8_101","Cintron, Umberto -- Executive Producer of the Television Show <emph render=""italic"">Realidades</emph>","Dr. Roscoe C. Brown, Jr. and Umberto Cintron discuss the problems minority-oriented programs like <emph render=""italic"">Realidades</emph>, <emph render=""italic"">Soul</emph>, <emph render=""italic"">Black Journal</emph>, and <emph render=""italic"">Black Arts</emph> face in order to remain on television.","1973-12-18","Finished","Culture & the arts","Y","http://hdl.handle.net/2333.1/sj3txhgn","https://docs.google.com/spreadsheets/d/13T55umnlgL3A8fwPqUKKLMq8OhIWpMD3z5Fx54Vk86o/edit#gid=1923918286",,,"Y",
"RG_9_8_111","Stewart, Ruth Ann -- Assistant Curator for the Schomburg Center for Research in Black Culture of the New York Public Library","Dr. Roscoe C. Brown, Jr. and Ruth Ann Stewart discuss the history and collection of the New York Public Library's Schomburg Center for Research in Black Culture in Harlem. They also discuss funding for a new facility since outgrowing its 135th Street location.","1977-06-15","Finished","Culture & the arts","Y","http://hdl.handle.net/2333.1/4tmpgbjr","https://docs.google.com/spreadsheets/d/1hOIT-0YPes4pfxAKo4qGwv1PhPVKeIYAM6aMHRWbNG8/edit?usp=sharing",,"Fernsebner","Y",
"RG_9_8_125","Armstead-Johnson, Dr. Helen -- Director of the Afro-American Theater Museum and Professor of English at York College of the City University of New York","Dr. Roscoe C. Brown, Jr. and Helen Armstead-Johnson discuss the collection Armstead-Johnson has assembled about the development of Afro-American theatre.","1976-03-23","Finished","Culture & the arts","Y","http://hdl.handle.net/2333.1/bcc2fz38","https://docs.google.com/spreadsheets/d/1v0oYxlRVnxDiDfBYAuGOkEIbMXUzcOByB2O8Mrc4EpU/edit?usp=sharing",,,"Y",
"RG_9_8_132","Rhoden, John, Romare Bearden, and Larry Wilson -- A Sculptor, an Artist, and a Representative from Philip Morris, Inc.","Dr. Roscoe C. Brown, Jr., artists Romare Bearden and John Roden, and sponsor Larry Wilson discuss the Brooklyn Museum of Art's exhibition <emph render=""italic"">Two Centuries of Black American Art</emph>.","1977-07-28","Finished","Culture & the arts","Y","http://hdl.handle.net/2333.1/jwstqrxq","https://docs.google.com/spreadsheets/d/1hgYZ9_DBVtH8TjNKZesQ3MxOFwCtiYQ2dgtd4pq0Rsw/edit?usp=sharing",,"Q107296457","Y",
"RG_9_8_133","Feinstein, Dr. Alan and Ambassador Ogbu -- Author of <emph render=""italic"">African Revolutionary: The Life and Times of Nigeria's Aminu Kano</emph>, and the Ambassador of Nigeria","Dr. Roscoe C. Brown, Jr., Dr. Alan Feinstein, and Ambassador Ogbu of Nigeria discuss the life of Nigerian patriot Aminu Kano.","1974-01-30","Finished","Politics & Community Affairs","Y","http://hdl.handle.net/2333.1/f4qrfrcc","https://docs.google.com/spreadsheets/d/1agmqzIbQFmM67UCjgwREdfNpl6uY7V5_e4qfW_m9qBY/edit?usp=sharing",,,"Y",
"RG_9_8_148","Edley, Christopher -- Executive Director of the United Negro College Fund","Dr. Roscoe C. Brown, Jr. and Christopher Edley discuss ways the United Negro College Fund hopes to help 41 of the 108 Black colleges in America survive during a year of economic and political unrest.","1975-03-11","Finished","Education","Y","http://hdl.handle.net/2333.1/gxd25bdp","https://docs.google.com/spreadsheets/d/1f_WZ67W023HbUvWJtqYG0uK1EsZdr1ZpTUaMX2ZMwwU/edit?usp=sharing",,,"Y",
"RG_9_8_134","Gunn, Bill -- Playwright and Director of the <emph render=""italic"">Black Picture Show</emph>","Dr. Roscoe C. Brown, Jr. and Bill Gunn discuss the mid-life crisis theme present in Gunn's play the <emph render=""italic"">Black Picture Show</emph>, performed at the Vivian Beaumont Theater.","1973-03-25","Reviewed",,"Y","http://hdl.handle.net/2333.1/9cnp5qv1","https://docs.google.com/spreadsheets/d/1zrBUJU_2Z_HQdqO6rGYiymaAlZ2wjShgJsP_ACkK5es/edit?usp=sharing",,"Q107296593","Y","Black Picture Show - no entity?"
"RG_9_8_208","Williams, Mary Lou -- Jazz Pianist","Dr. Roscoe C. Brown, Jr. and Mary Lou Williams discuss contemporary music and the golden ages of jazz.","1974-04-16","Reviewed",,"Y","http://hdl.handle.net/2333.1/hmgqnsf8","https://docs.google.com/spreadsheets/d/15UzS4mMqsHXcDF_SCQUw5Agvqfyez7oz7rPYoWQQ9Ls/edit?usp=sharing",,"Q107296636","Y",
"RG_9_8_39","Archer, Lee -- Director of Equal Opportunity of Affairs of the General Foods Corporation and Chairman of the North Street Capital Corporation","Dr. Roscoe C. Brown, Jr. and Lee Archer discuss how Black business executives are coping with the recession.","1975-06-24","Reviewed",,"Y","http://hdl.handle.net/2333.1/cnp5hxh7","https://docs.google.com/spreadsheets/d/1Guk39wrFeBDzbrwxg-BA-_ikWVQEbaHLjLlvyDBarPs/edit?usp=sharing",,"(Q107296344)","Y",
"RG_9_8_85","Murray, James P. -- Film critic, Film Editor of the <emph render=""italic"">New York Amsterdam News</emph>, and Editor of <emph render=""italic"">Black Creation</emph>","Dr. Roscoe C. Brown, Jr. and James P. Murray discuss the business aspect of the entertainment industry, including how commercialism affects the relationship between Black performing artists and business entrepreneurs.","1973-08-19","Finished",,"Y","http://hdl.handle.net/2333.1/z8w9gr4c","https://docs.google.com/spreadsheets/d/1KJ3JH7_odTPRoeG3rpM7wcHVOTZen5OrGtjehBZkLFw/edit?usp=sharing",,"Q107296459","Y","James P. Murray at (Q107296500), will expand info; Black Creation doesn't have an entity? Are Q1140177 (Amsterdam News) and Q107019457 (New York Amsterdam News) same thing? Justine (Leftime) will work on these"
"RG_9_8_97","Figueroa, Jose-Angel -- Poet and Author of the Book <emph render=""italic"">East 110th Street</emph>","Dr. Roscoe C. Brown, Jr. and Jose-Angel Figueroa discuss Figueroa's thoughts, feelings, and experiences of East Harlem (El Barrio), which are also included in his book <emph render=""italic"">East 110th Street</emph>.","1973-12-30","Reviewed",,"Y","http://hdl.handle.net/2333.1/2280gj8p","https://docs.google.com/spreadsheets/d/10g3FWSctqvd5JBrzleyUGNTOUwV6Jq8_Mzfq7ieD6vU/edit?usp=sharing",,"Q107296480","Y",
"RG9-8_ref4329","Presley, Calvin -- Executive Director of Opportunities Industrialization Center, Inc.","Dr. Roscoe C. Brown, Jr. and Calvin Presley speak about the Opportunities Industrial Center, Inc., which began as a protest movement in Philadelphia in the 1960s for a more diverse workplace.",1978,"Finished","Politics & Community Affairs","Y","http://hdl.handle.net/2333.1/mcvdnkqg",,,,,
"RG9_8_108","Cudsville, Donald -- President of the Harlem Urban Development Corporation (HUDC)","Dr. Roscoe C. Brown, Jr. and Donald Cudsville discuss the Harlem Urban Development Corporation's improvement of housing and economic conditions in Harlem.",1970,,"Politics & Community Affairs",,"http://hdl.handle.net/2333.1/0p2ngn60",,,,,
"RG_9_8_105","Ward, Douglas Turner -- Director of the Negro Ensemble Company and Producer of <emph render=""italic"">First Breeze of Summer</emph>","Dr. Roscoe C. Brown, Jr. and Douglas Turner Ward discuss the Broadway play <emph render=""italic"">First Breeze of Summer</emph>, as well as other developments in Black theatre.","1975-06-11",,"Culture & the arts",,"http://hdl.handle.net/2333.1/nvx0kdkp",,,,,
"RG_9_8_106","Wein, Joyce -- Associate Producer of Newport in New York Jazz Festival","Dr. Roscoe C. Brown, Jr. and Joyce Wein discuss the legacy of jazz music in America and which musicians will be featured in the upcoming Newport in New York Jazz Festival.","1976-07-13","Finished","Culture & the arts","Y","http://hdl.handle.net/2333.1/j3tx9d4z",,,,,
"RG_9_8_109","Jones, Duane -- Executive Director of the Black Theatre Alliance","Dr. Roscoe C. Brown, Jr. and Duane Jones of the Black Theatre Alliance, a coalition of Black theatre and dance groups, discuss new developments in Black theatre and dance at a time when both are growing in importance within the greater theatre and dance community.","1977-07-05",,"Culture & the arts",,"http://hdl.handle.net/2333.1/dbrv1cnv",,,,,
"RG_9_8_10","Bailey, Peter -- Associate Editor of <emph render=""italic"">Black Enterprise Magazine</emph>","Dr. Roscoe C. Brown, Jr. and Peter Bailey discuss the 1975-1976 dance and theater season, including productions on and off Broadway.",1975,,"Culture & the arts",,"http://hdl.handle.net/2333.1/zkh18h9g",,,,,
"RG_9_8_110","Ford, Connie -- Executive Director of the Police Athletic League","Dr. Roscoe C. Brown, Jr. and Connie Ford discuss some of the common activities of the Police Athletic League (PAL), which serves nearly 60,000 New York City boys and girls during the winter and summer months. Their discussion occurs shortly after the Criminal Justice Control Commission provides funding for their YES I CAN (Youth Enrichment Services Through Cooperation and Achievement) program aimed at pre-delinquent boys and girls.","1977-06-22","Finished","Politics & Community Affairs","Y","http://hdl.handle.net/2333.1/8kprrc23",,,,,
"RG_9_8_112","Perkins, Joseph -- Director of the Mid-Manhattan Branch of the NAACP's ""Operation Rebound Project""","Dr. Roscoe C. Brown, Jr. and Joseph Perkins discuss the Mid-Manhattan branch of the NAACP's ""Project Rebound,"" a federally-funded program aimed at finding employment for nearly 1200 ex-offenders.","1977-04-12","Missing","Politics & Community Affairs",,"http://hdl.handle.net/2333.1/12jm6b1n",,,,,
"RG_9_8_113","Barnes, Arthur -- President of the New York Urban Coalition","Dr. Roscoe C. Brown, Jr. and Arthur Barnes discuss the future of New York City and how the New York Urban Coalition aims to continue helping minorities and the poor.","1977-04-05","Finished","Politics & Community Affairs",,"http://hdl.handle.net/2333.1/w9ghx9qm",,,,,
"RG_9_8_114","Rodgers, Rod -- Choreographer and Director of the Rod Rodgers Dance Company","Dr. Roscoe C. Brown, Jr. and Rod Rodgers discuss the role of Black dance companies in the artistic life of America.",1977,"Finished","Culture & the arts","Y","http://hdl.handle.net/2333.1/rn8pk6w3",,,,,
"RG_9_8_115","Perkins, William Eric and Eric Foner -- Professor from Temple University, and Professor from City College of the City University of New York","Dr. Roscoe C. Brown, Jr., William Eric Perkins, and Eric Foner discuss controversial new books about Blacks during slavery, including Charles Wesley's <emph render=""italic"">Roll, Jordan, Roll</emph>.","1977-01-04","Finished","Culture & the arts","Y","http://hdl.handle.net/2333.1/mw6m96d6",,,,,
"RG_9_8_117","Lynch, Dr. Hollis -- Professor of History for the Institute of African Studies at Columbia University","Dr. Roscoe C. Brown, Jr. and Dr. Hollis Lynch discuss how recent problems in South Africa have highlighted the important of Africa in world affairs. They also speak more specifically about Black America's response to South Africa.","1976-12-14",,"Politics & Community Affairs",,"http://hdl.handle.net/2333.1/cc2fr5bc",,,,,
"RG_9_8_118","Pigatt, Anderson -- Sculptor","Dr. Roscoe C. Brown, Jr. and Anderson Pigatt discuss the role of the Black artist at a time when the recognition of the Black artist was increasing across the United States and, in New York City, many Black artists were opening their own galleries.","1976-12-07","Finished","Culture & the arts","Y","http://hdl.handle.net/2333.1/7m0cg4ss",,,,,
"RG_9_8_119","Herring, Leonard -- Public Relations Specialist for the Film <emph render=""italic"">Sounder Part 2</emph>","Dr. Roscoe C. Brown, Jr. and Leonard Herring discuss the promotion of Black films, including <emph render=""italic"">Sounder Part 2</emph>, a film about a Black family in Louisiana.","1976-11-30","Finished","Culture & the arts",,"http://hdl.handle.net/2333.1/3tx9648k",,,,,
"RG_9_8_11","Harris, Diane, Frances Gibson, and William Kornblum -- Public Involvement Assistant, Recreation Specialist, and a Member of the Planning Board for the Gateway National Recreation Area","Dr. Roscoe C. Brown, Jr., Diane Harris, Frances Gibson, and William Kornblum discuss planning for the Gateway National Recreation Area, a federal public park.",1975,"Finished","Politics & Community Affairs",,"http://hdl.handle.net/2333.1/ttdz0gs1",,,,,
"RG_9_8_120","Holloman, Dr. J. L. S. -- President of the New York City Health and Hospital Corporation","Dr. Roscoe C. Brown, Jr. and Dr. J. L. S. Holloman discuss the effects of New York City's fiscal crisis on healthcare for Black, Hispanic, and economically-deprived individuals.","1976-10-27","Finished","Politics & Community Affairs",,"http://hdl.handle.net/2333.1/02v6x3tm",,,,,
"RG_9_8_121","Moore, Bob and Jean Carrie Bond -- Representatives from The Council on Interracial Books for Children and the Foundation for Change","Dr. Roscoe C. Brown, Jr., Bob Moore, and Jean Carrie Bond discuss racial stereotypes found in books for children.","1976-06-01","Finished","Politics & Community Affairs","Y","http://hdl.handle.net/2333.1/vdnck16r",,,,,
"RG_9_8_122","Brown, Howard -- Medical Director of <emph render=""italic"">The New York Times</emph> and Assistant Professor of Clinical Medicine at New York University","Dr. Roscoe C. Brown, Jr. and Howard Brown discuss ways to increase the number of Black physicians in the United States.","1976-06-30","In progress","Politics & Community Affairs",,"http://hdl.handle.net/2333.1/qnk990rw",,,,,
"RG_9_8_123","Patterson, Pat and Fatima Shaik -- Editor-at-Large at <emph render=""italic"">Black Enterprise Magazine</emph>, Staff Member of the Institute of Afro-American Affairs at NYU and Coordinator for the AEJ Summer Journalism Program","Dr. Roscoe C. Brown, Jr., Pat Patterson, and Fatima Shaik discuss opportunities, like the AEJ Summer Journalism Porgram, that allow minority students to explore the field of journalism.","1976-06-29","Finished","Culture & the arts",,"http://hdl.handle.net/2333.1/kwh7106h",,,,,
"RG_9_8_124","White, Dr. Herbert -- Representative from the New York City Department of Personnel","Dr. Roscoe C. Brown, Jr. and Dr. Herbert White discuss how recent cutbacks in New York City have had an adverse impact on minority employees.","1976-04-28","Playback issues","Politics & Community Affairs",,"http://hdl.handle.net/2333.1/g4f4qznn",,,,,
"RG_9_8_126","Coombs, Orde -- Author and Critic","Dr. Roscoe C. Brown, Jr. and Orde Coombs speak about Coombs' tour of the People's Republic of China the previous year.","1976-01-13",,"Politics & Community Affairs",,"http://hdl.handle.net/2333.1/6m905xkx",,,,,
"RG_9_8_128","Patterson, Jamelle and Dianne McDonald -- Founder of the Patterson School, and an Instructor at the Patterson School","Dr. Roscoe C. Brown, Jr., Jamelle Patterson, and Dianne McDonald discuss alternative forms of education for Black youth, using the Patterson School, a private school for Black students, as an example.","1977-09-06","In progress","Education",,"http://hdl.handle.net/2333.1/2v6wwx3s",,,,,
"RG_9_8_129","Grymes, Sandra -- North East Regional Director for Planned Parenthood Federation, Inc.","Dr. Roscoe C. Brown, Jr. and Sandra Grymes discuss population growth as a major social problem.","1977-08-30","In progress","Politics & Community Affairs",,"http://hdl.handle.net/2333.1/z612jtgv",,,,,
"RG_9_8_12","Thomas, Franklin -- President of the Bedford Stuyvesant Restoration Corporation","Dr. Roscoe C. Brown, Jr. and Franklin Thomas discuss the accomplishments and the problems of the Bedford Stuyvesant Restoration Corporation, which was founded in 1967 to assist economic development in Brooklyn's Bedford-Stuyvesant neighborhood.","1975-10-29",,"Politics & Community Affairs",,"http://hdl.handle.net/2333.1/q2bvqgb8",,,,,
"RG_9_8_130","Thompson, Dr. Leon -- Director of Education Activities for the New York Philharmonic","Dr. Roscoe C. Brown, Jr. and Dr. Leon Thompson discuss how Lincoln Center is recognizing and honoring the Black presence in classical music.","1977-08-23","Finished","Culture & the arts",,"http://hdl.handle.net/2333.1/tdz08t0w",,,,,
"RG_9_8_131","Jackson Christmas, Dr. June -- Commissioner of Mental Health Services in New York City","Dr. Roscoe C. Brown, Jr. and Dr. June Jackson Christmas discuss the increase in mental health issues within the Black community following the recent economic crisis. They also discuss the programs available to the Black community to treat these issues.","1977-08-09","Finished","Politics & Community Affairs",,"http://hdl.handle.net/2333.1/pnvx0sgf",,,,,
"RG_9_8_135","Alexander, Jesse and Fred Hill -- YMCA Representatives","Dr. Roscoe C. Brown, Fred Hill, and Jesse Alexander discuss how YMCA facilities have adapted to better serve inner-city communities.","1975-04-22",,"Politics & Community Affairs",,"http://hdl.handle.net/2333.1/5mkkwqc0",,,,,
"RG_9_8_136","Jones, Martha and Diane Lacey -- Public Relations Director of the Women's Action Alliance, and Special Assistant to the President of the New York City Health and Hospitals Corporation","Dr. Roscoe C. Brown, Jr., Martha Jones, and Diane Lacey discuss Black women's criticisms of the women's movement after 1975 was named International Women's Year.","1975-07-16",,"Politics & Community Affairs",,"http://hdl.handle.net/2333.1/1zcrjmkq",,,,,
"RG_9_8_137","Batchelor, Ron -- Executive Director of Broad Jump","Dr. Roscoe C. Brown, Jr. and Ron Batchelor discuss the alternative educational program Broad Jump in Harlem.","1975-06-17","Finished","Politics & Community Affairs",,"http://hdl.handle.net/2333.1/x69p8m82",,,,,
"RG_9_8_138","Clarke, Richard -- Founder of Richard Clarke Associates","Dr. Roscoe C. Brown, Jr. and Richard Clarke discuss employement opportunities, including those in major corporations, for recent Black college graduates.","1973-12-04",,"Politics & Community Affairs",,"http://hdl.handle.net/2333.1/sf7m0kp7",,,,,
"RG_9_8_139","Williams, John A. -- Professor of English at LaGuardia Community College of the City University of New York and Author of <emph render=""italic"">Mothersill and the Foxes</emph>","Dr. Roscoe C. Brown, Jr. and writer John A. Williams discuss his new book <emph render=""italic"">Mothersill and the Foxes</emph> about the romantic encounters of a Black man in Cleveland and New York.","1975-04-29","Finished","Culture & the arts",,"http://hdl.handle.net/2333.1/np5hqk4q",,,,,
"RG_9_8_13","Goodwin, Steven -- Investment Counselor and Option Specialist for U.S. Option International, Inc.","Dr. Roscoe C. Brown, Jr. and Steven Goodwin discuss the status of the stock market in 1975 and the ways in which a decrease in the demand for municipal bonds affected the Black community.","1975-11-12","Finished","Politics & Community Affairs",,"http://hdl.handle.net/2333.1/kd51ccgm",,,,,
"RG_9_8_140","Hinds, Lennox -- National Director of the National Conference of Black Lawyers","Dr. Roscoe C. Brown, Jr. and Lennox Hinds discuss how the National Conference of Black Lawyers seeks justice for many minority groups, including Blacks, Hispanics, and the economically-deprived.","1975-05-13",,"Politics & Community Affairs",,"http://hdl.handle.net/2333.1/hx3ffjk4",,,,,
"RG_9_8_141","Toote, Dr. Gloria --Assistant Secretary of the United States Department of Housing and Urban Development","Dr. Roscoe C. Brown, Jr. and Dr. Gloria Toote discuss ways laws preventing discrimination in housing can be better enforced.","1975-04-08",,"Politics & Community Affairs",,"http://hdl.handle.net/2333.1/d51c5j21",,,,,
"RG_9_8_142","Saidy, Jay, Bakari Sidibe, and Sam Kinte -- Journalist for the <emph render=""italic"">Gambian News Bulletin</emph>, Minister of Cultural Affairs, and the Gambian Cousin of Author Alex Haley","Dr. Roscoe C. Brown, Jr., Jay Saidy, Sidibe Bakari, and Sam Kinte discuss the historical novel <emph render=""italic"">Roots</emph>, as well as Gambia's mission to bridge cultural ties between their country and the United States.",1977,"Finished","Culture & the arts",,"http://hdl.handle.net/2333.1/8cz8whmz",,,,,
"RG_9_8_143","Dinkins, David -- Chairman for the Council of Black Elected Democrats of New York State","Dr. Roscoe C. Brown, Jr. and David Dinkins discuss Black politics and the significance of the Black vote.","1976-08-11",,"Politics & Community Affairs",,"http://hdl.handle.net/2333.1/4qrfjdvx",,,,,
"RG_9_8_145","Younger, Eddie -- Athlete, Representative from the New York City Department of Recreation, and a Board Member for the Harlem Professional, Inc.","Dr. Roscoe C. Brown, Jr. and Eddie Younger discuss contemporary efforts to honor Black athletes for their accomplishments.","1975-08-12","Finished","Politics & Community Affairs",,"http://hdl.handle.net/2333.1/w6m90d0w",,,,,
"RG_9_8_146","King, Woodie, Jr. -- Playwright, Director, and Producer of the Musical <emph render=""italic"">The Prodigal Sister</emph>","Dr. Roscoe C. Brown, Jr. and Woodie King, Jr. discuss what constitutes a ""Black musical."" They also discuss the themes of the successful off-Broadway play <emph render=""italic"">The Prodigal Sister</emph>.","1974-01-28","In progress","Culture & the arts",,"http://hdl.handle.net/2333.1/rfj6qcf5",,,,,
"RG_9_8_147","Kornblum, William, Herb Cables, and Frances Gibson -- Representatives from the Gateway National Recreational Center of the National Park Service","Dr. Roscoe C. Brown, Jr., William Kornblum, Herb Cables, and Frances Gibson discuss plans for the federally funded Gateway National Park.","1975-02-25","Finished","Politics & Community Affairs",,"http://hdl.handle.net/2333.1/mpg4fbwk",,,,,
"RG_9_8_149","Harvin, Al -- Sports Writer for <emph render=""italic"">The New York Times</emph>","Dr. Roscoe C. Brown, Jr. and Al Harvin discuss how Black athletes deal with discrimination within the world of sports, an area that grew in importance during the 1960s and 1970s.","1974-01-22",,"Culture & the arts",,"http://hdl.handle.net/2333.1/c59zw9xc",,,,,
"RG_9_8_150","Walker, Jim -- Book Editor and Advertising Manager for <emph render=""italic"">Black Creation</emph> Magazine","Dr. Roscoe C. Brown, Jr. and Jim Walker discuss themes in contemporary Black writing and the forms of Black literature they feel are most expressive of the Black experience.","1973-01-08","Finished","Culture & the arts",,"http://hdl.handle.net/2333.1/7h44j74d",,,,,
"RG_9_8_151","Gourdine, Simon -- Deputy Commissioner for the National Basketball Association","Dr. Roscoe C. Brown, Jr. and Simon Gourdine discuss how Black players have made an indelible impression on basketball.","1975-04-14",,"Culture & the arts",,"http://hdl.handle.net/2333.1/3r2286n9",,,,,
"RG_9_8_152","Loney, Dr. Roderick -- Chairman of the Academic Development Division at Medgar Evers College of the City University of New York","Dr. Roscoe C. Brown, Jr. and Dr. Roderick Loney discuss what certain special educational programs and open enrollment mean for Black and Puerto Rican students entering college.","1975-05-14","In progress","Education",,"http://hdl.handle.net/2333.1/0000062q",,,,,
"RG_9_8_154","Harris, Richard and Sergeant James Hargrove -- President of the Vulcan Society and President of The Guardians Association","Dr. Roscoe C. Brown, Jr., Richard Harris, and Sergeant James Hargrove discuss the unique challenges faced by Black policemen and Black firemen within New York City. They also discuss how organizations like The Vulcans and The Guardians attempt to alleviate some of those issues.","1975-09-23",,"Politics & Community Affairs",,"http://hdl.handle.net/2333.1/qfttf55w",,,,,
"RG_9_8_156","Brown, Courtney -- New York State Division of Human Rights","Dr. Roscoe C. Brown, Jr. and Courtney Brown discuss the meaning, quotas, and goals of affirmative action.","1974-11-20",,"Politics & Community Affairs",,"http://hdl.handle.net/2333.1/fxpnw470",,,,,
"RG_9_8_157","Yancy, Joe -- Track Athlete and the Co-founder of the New York Pioneer Club","Dr. Roscoe C. Brown, Jr. and Joe Yancy discuss Yancy's career in track and an event to honor him at the Waldorf Astoria.","1975-04-09","Finished","Culture & the arts",,"http://hdl.handle.net/2333.1/b8gtj1c8",,,,,
"RG_9_8_158","Wright, Samuel -- Councilman for 26th Council District in Brooklyn","Dr. Roscoe C. Brown, Jr. and Samuel Wright discuss the role of the councilman and reasons why the Black community and Puerto Rican community are not participating more in city affairs.","1975-03-26",,"Politics & Community Affairs",,"http://hdl.handle.net/2333.1/6hdr80w5",,,,,
"RG_9_8_159","Barnes, Arthur -- President of the New York Urban Coalition","Dr. Roscoe C. Brown, Jr. and Arthur Barnes discuss the progress and programs of the New York Urban Coalition, which was founded in the late 1960s in order to address unrest within the Black and Puerto Rican communities.","1976-02-18",,"Politics & Community Affairs",,"http://hdl.handle.net/2333.1/2rbp00bs",,,,,
"RG_9_8_160","Robinson, David -- Representative from United Harlem Growth, Inc.","Dr. Roscoe C. Brown, Jr. and David Robinson discuss non-profit organizations that are actively reconstructing homes in the inner-city, including United Harlem Growth, Inc.","1977-03-30","Finished","Politics & Community Affairs",,"http://hdl.handle.net/2333.1/z08kpzz4",,,,,
"RG_9_8_161","Sutton, Honorable Percy E. -- Borough President of Manhattan","Dr. Roscoe C. Brown, Jr. and Percy Sutton discuss political opportunities and responsibilities of minorities during the Carter administration. They also discuss Sutton's plans for running for the Mayor of New York City.","1977-01-12",,"Politics & Community Affairs",,"http://hdl.handle.net/2333.1/t76hdzf0",,,,,
"RG_9_8_162","Williams, Mary Lou and Peter O'Brien -- Jazz Pianist and Producer","Dr. Roscoe C. Brown, Jr., Mary Lou Williams, and Peter O'Brien discuss the significance of the upcoming concert <emph render=""italic"">Embraced</emph>, a show performed by Williams and Cecil Taylor at Carnegie Hall.","1977-05-03",,"Culture & the arts",,"http://hdl.handle.net/2333.1/pg4f4xzw",,,,,
"RG_9_8_163","Williams, Franklin -- President of the Phelps-Stokes Fund and former United States Ambassador to Ghana","Dr. Roscoe C. Brown, Jr. and Franklin Williams discuss the stuggle for majority rule in Southern Africa and its effects on the rest of the world.","1977-09-20",,"Politics & Community Affairs",,"http://hdl.handle.net/2333.1/jsxksv5m",,,,,
"RG_9_8_164","Webb, Dr. Arnold -- Executive Director of the Division of Educational Planning and Support for the New York City Board of Education","Dr. Roscoe C. Brown, Jr. and Dr. Arnold Webb discuss budget cuts to the New York City Board of Education.","1976-09-21","Finished","Education",,"http://hdl.handle.net/2333.1/f1vhhtpj",,,,,
"RG_9_8_165","Zollner, Joy -- Representative from the Organization RAINS (Relief for Africans in Need in the Sahel)","Dr. Roscoe C. Brown, Jr. and Joy Zollner discuss how the organization RAINS (Relief for Africans in Need in the Sahel) is addressing the African famine.","1975-03-01",,"Politics & Community Affairs",,"http://hdl.handle.net/2333.1/98sf7t6n",,,,,
"RG_9_8_166","Fortune, Dr. Hilda -- Professor of Sociology at York College of the City University of New York","Dr. Roscoe C. Brown, Jr. and Dr. Hilda Fortune discuss whether or not the City University of New York is meeting the needs of minority and low-income youth, including if adequate counseling services are available. They also discuss the diversity of CUNY's faculty.","1973-01-14",,"Education",,"http://hdl.handle.net/2333.1/5hqbzsnx",,,,,
"RG_9_8_167","Turner, Robert -- Firefighter and President of the Vulcan Society","Dr. Roscoe C. Brown, Jr. and Robert Turner discuss the recruitment of minority firefighters.","1977-10-25",,"Politics & Community Affairs",,"http://hdl.handle.net/2333.1/1rn8ps3j",,,,,
"RG_9_8_168","Basil Patterson -- Vice Chairman of the Democratic National Committee","Dr. Roscoe C. Brown, Jr. and Basil Patterson discuss the effects of the Carter administration on the Black community.","1977-01-06",,"Politics & Community Affairs",,"http://hdl.handle.net/2333.1/x0k6drrf",,,,,
"RG_9_8_169","Bailey, Peter -- Executive Director of the Black Theatre Alliance","Dr. Roscoe C. Brown, Jr. and Peter Bailey discuss ways the Black Theatre Alliance promotes the work of 36 theatre and dance organizations.","1976-05-26","In progress","Culture & the arts",,"http://hdl.handle.net/2333.1/s7h44r8j",,,,,
"RG_9_8_16","Furman, Roger -- Playwright and Director of the New Heritage Repertory Theatre in Harlem","Dr. Roscoe C. Brown, Jr. and Roger Furman discuss Furman's new play <emph render=""italic"">Fat Tuesday</emph> about Black life in New Orleans during the 1930s, as well as other developments in Black theater.","1975-12-10",,"Culture & the arts",,"http://hdl.handle.net/2333.1/fn2z3c0m",,,,,
"RG_9_8_170","Olugebefula, Dr. Ademola and Jean Taylor -- Vice President of the National Board of Directors and Executive Secretary of the National Conference of Artists","Dr. Roscoe C. Brown, Jr., Dr. Ademola Olugebefula, and Jean Taylor discuss the upcoming National Conference of Artists, which involves artists, patrons and educators.","1977-02-09","Finished","Culture & the arts",,"http://hdl.handle.net/2333.1/nk98snfw",,,,,
"RG_9_8_171","Jackson, Florence -- Director for the Center for the Humanities and Arts for the New York City Board of Education","Dr. Roscoe C. Brown, Jr. and Florence Jackson discuss how the television mini-series <emph render=""italic"">Roots</emph> has inspired school curriculums.","1977-03-16",,"Culture & the arts",,"http://hdl.handle.net/2333.1/ht76hn07",,,,,
"RG_9_8_174","Goldman, Cathy and James Hill -- Representatives from the New York City School Breakfast Committee","Dr. Roscoe C. Brown, Jr., Cathy Goldman, and James Hill discuss reasons why only fifteen percent of children eligible for free breakfast through the Child Nutrition Act are receiving it.","1977-03-30",,"Education",,"http://hdl.handle.net/2333.1/d2547mh5",,,,,
"RG_9_8_175","Holloman, Dr. John -- President of the New York City Health and Hospitals Corporation","Dr. Roscoe C. Brown, Jr. and Dr. John Holloman discuss the concerns of the New York City Heath and Hospitals Corporation, a 900 million dollar corporation.","1974-06-05",,"Politics & Community Affairs",,"http://hdl.handle.net/2333.1/8931zkx6",,,,,
"RG_9_8_176","Webb, Dr. Arnold -- Executive Director of the Division of Education of New York City's Board of Education","Dr. Roscoe C. Brown, Jr. and Dr. Arnold Webb discuss the 1977-1978 school year budget concerns, as well as issues surrounding racial integration.","1977-09-29","In progress","Education",,"http://hdl.handle.net/2333.1/4j0zpkcq",,,,,
"RG_9_8_177","Killens, John O. -- Author of <emph render=""italic"">The Resurrection of Alexander Pushkin</emph>","Dr. Roscoe C. Brown, Jr. and John O. Killens discuss Killens' new book <emph render=""italic"">The Resurrection of Alexander Puskin</emph>, which aims to recognize Puskin in America at a time when he was more well-known in the Soviet Union because he was not freely translated into English.","1977-06-01",,"Politics & Community Affairs",,"http://hdl.handle.net/2333.1/0rxwdjv9",,,,,
"RG_9_8_178","Roberts, Lillian -- Associate Director of District Council #37","Dr. Roscoe C. Brown, Jr. and Lillian Roberts discuss unemployment in the Black community.","1977-07-20","Finished","Politics & Community Affairs",,"http://hdl.handle.net/2333.1/w0vt4jjn",,,,,
"RG_9_8_179","Robeson, Paul, Jr. -- Head of the Paul Robeson Archives","Dr. Roscoe C. Brown, Jr. and Paul Robeson, Jr. discuss fundraising for and the processing of the Paul Robeson Archives, which documents Robeson's life as an actor, singer, and figure of the civil rights movement.","1976-10-20","Finished","Culture & the arts",,"http://hdl.handle.net/2333.1/rbnzsfq0",,,,,
"RG_9_8_183","Weathers, Diane and Camille Billops -- Co-Editor of and Contributor to <emph render=""italic"">Black Creation</emph> Magazine and Faculty Member of the Art Departments at Rutgers University and the City University of New York","Dr. Roscoe C. Brown, Jr., Camille Billops, and Diane Weathers discuss the annual issue of <emph render=""italic"">Black Creation</emph>, a magazine of Black artistic criticism that covers drama, dance, music, poetry, film, literature, art and other areas of the Black arts.","1974-10-30",,"Culture & the arts",,"http://hdl.handle.net/2333.1/c2fqzd58",,,,,
"RG_9_8_184","Lewis, Ed and Marcia Gillespie -- Publisher and Editor of <emph render=""italic"">Essence</emph> Magazine","Dr. Roscoe C. Brown, Jr., Ed Lewis, and Marcia Gillespie discuss the fifth anniversary of <emph render=""italic"">Essence</emph>, the first Black woman's magazine.","1975-04-23",,"Culture & the arts",,"http://hdl.handle.net/2333.1/79cnpcmp",,,,,
"RG_9_8_186","Cowell, Stanley -- Pianist and a Producer at Strata East Records","Dr. Roscoe C. Brown, Jr. and Stanley Cowell discuss the increasing variety of contemporary Black music.","1974-06-26","Finished","Culture & the arts","Y","http://hdl.handle.net/2333.1/zs7h4btw",,,,,
"RG_9_8_188","Kennedy, Scott -- Professor of Speech and Drama at Brooklyn College and Author of the Book <emph render=""italic"">In Search of African Theatre</emph>","Dr. Roscoe C. Brown, Jr. and Professor Scott Kennedy discuss Kennedy's book <emph render=""italic"">In Search of African Theatre</emph>.","1974-08-11",,"Culture & the arts",,"http://hdl.handle.net/2333.1/qbzkh7ks",,,,,
"RG_9_8_189","Mitchem, Dr. John -- Chairman of the Department of Compensatory Programs at Baruch Collge of the City University of New York","Dr. Roscoe C. Brown, Jr. and Dr. John Mitchem discuss the decline in college enrollment among Black and Puerto Rican youth, as well as issues these communities face within the university and what services are available to alleviate these issues.","1974-09-04",,"Education",,"http://hdl.handle.net/2333.1/kkwh772n",,,,,
"RG_9_8_18","Carr, Ivory -- Assistant Director of Ambulatory Care at Brooklyn Jewish Hospital and Medical Center","Dr. Roscoe C. Brown, Jr. and Ivory Carr discuss child abuse.","1976-01-14",,"Politics & Community Affairs",,"http://hdl.handle.net/2333.1/63xsj9zr",,,,,
"RG_9_8_190","Davis, Robert -- Assistant Commissioner for the New York City Agency for Child Development","Dr. Roscoe C. Brown, Jr. and Robert Davis discuss the lack of child care services provided by New York City.","1974-07-24","Finished","Politics & Community Affairs",,"http://hdl.handle.net/2333.1/fttdz6gp",,,,,
"RG_9_8_191","Gidron, Dick -- Business Owner of Dick Gidron Cadillacs","Dr. Roscoe C. Brown, Jr. and Dick Gidron discuss the scope and meaning of Gidron's business Dick Gidron Cadillacs, which became the first Black-owned Cadillac dealership in New York City when it opened in the Bronx in 1972.","1974-10-09",,"Politics & Community Affairs",,"http://hdl.handle.net/2333.1/b2rbp5x4",,,,,
"RG_9_8_193","Dempsey, Ellen, Robert Williams, and Florence Jackson -- Two Representatives from the New York City Bicentennial Corporation and the Director of Social Studies for New York City Board of Education","Dr. Roscoe C. Brown, Jr., Ellen Dempsey, Robert Williams, and Florence Jackson discuss the various school and community projects prompted by the Bicentennial.","1975-10-01","Finished","Education",,"http://hdl.handle.net/2333.1/2jm644xw",,,,,
"RG_9_8_194","Holloman, Dr. John -- President of the New York City Health and Hospitals Corporation","Dr. Roscoe C. Brown, Jr. and Dr. John Holloman discuss accomplishments and issues of the New York City Health and Hospitals Corporation, the largest health organization in the world at the time.","1975-05-28",,"Politics & Community Affairs",,"http://hdl.handle.net/2333.1/xwdbs29w",,,,,
"RG_9_8_195","Lewis, Jerry and Marion Bondurant --Executive Director and Assistant Director of Development for the National Medical Fellowships","Dr. Roscoe C. Brown, Jr., Jerry Lewis, and Marion Bondurant discuss the program and objectives of National Medical Fellowships, which serves minority medical students, especially during their first year of medical school.","1975-10-15",,"Politics & Community Affairs",,"http://hdl.handle.net/2333.1/t4b8h1tt",,,,,
"RG_9_8_197","Suggs, Dr. Dolores -- Assistant to the Dean of Student Affairs at the New York University College of Dentistry","Dr. Roscoe C. Brown, Jr. and Dr. Dolores Suggs discuss what is being done to train more Black men and women to address dental problems in the Black community.","1976-03-03",,"Politics & Community Affairs",,"http://hdl.handle.net/2333.1/jm63z0rz",,,,,
"RG_9_8_198","Morris, Horace -- Executive Director of the New York Urban League","Dr. Roscoe C. Brown, Jr. and Horace Morris discuss the mission of the New York Urban League to serve the minorities of New York.","1976-07-07",,"Politics & Community Affairs",,"http://hdl.handle.net/2333.1/dv41p06k",,,,,
"RG_9_8_19","Wallace, Robert E. -- Executive Director of the National Interagency Council on Smoking and Health","Dr. Roscoe C. Brown, Jr. and Robert E. Wallace discuss ways to decrease smoking in the United States.","1976-02-04",,"Politics & Community Affairs",,"http://hdl.handle.net/2333.1/2bvq89fm",,,,,
"RG_9_8_1","White, Louis -- Director of the Wiltwyck Schools","Dr. Roscoe C. Brown, Jr. and Louis White discuss the efficacy of residential treatment and foster home care, and whether or not there is racism in the area of judicial placement.","1973-07-15",,"Politics & Community Affairs",,"http://hdl.handle.net/2333.1/vt4b8q18",,,,,
"RG_9_8_204","Wilkins, Roger -- Urban Affairs Columnist for <emph render=""italic"">The New York Times</emph>","Dr. Roscoe C. Brown, Jr. and Roger Wilkins discuss the affect of the Carter administration on the Black community.","1978-01-19","Finished","Politics & Community Affairs","Y","http://hdl.handle.net/2333.1/s4mw6tkm",,,,,
"RG_9_8_20","Frazier, Cliff -- Administrator of Third World Cinema","Dr. Roscoe C. Brown, Jr. and Cliff Frazier discuss trends in Black filmmaking, including the roles portrayed by Black actors in Black films.","1976-01-07","Finished","Culture & the arts",,"http://hdl.handle.net/2333.1/xksn093p",,,,,
"RG_9_8_210","Turman, Glynn and Loretta Green -- Actor and Actress from the Broadway Play <emph render=""italic"">What the Wine-Sellers Buy</emph>","Dr. Roscoe C. Brown, Jr., Glynn Turman, and Loretta Green speak about Black Broadway actors, actresses, and writers.","1974-04-30","In progress","Culture & the arts",,"http://hdl.handle.net/2333.1/83bk3rf2",,,,,
"RG_9_8_21","Lenior, Henry and Livingston Francis -- Group Vice President of the YMCA of Greater New York and the Executive Director of the Harlem YMCA","Dr. Roscoe C. Brown, Jr., Henry Lenior, and Livingston Francis begin by discussing the Harlem YMCA dinner that was organized to honor Secretary of War Clifford Alexander, but they also discuss more generally how the programming of the YMCA has expanded, allowing the YMCA to become the social instiution for the Black community rather than just a health club.","1977-09-22","Finished","Politics & Community Affairs",,"http://hdl.handle.net/2333.1/stqjq8mf",,,,,
"RG_9_8_22","Hutson, Jean Blackwell -- Chief of the Schomburg Center for Research in Black Culture","Dr. Roscoe C. Brown, Jr. and Jean Blackwell Hutson discuss how a grant from the National Endowment for the Humanities allowed the Schomburg Center to gain bibliographic control over its collections. They discuss different aspects of the center's history with the New York Public Library and speak about fundraising efforts for a new, larger structure.","1976-02-04",,"Culture & the arts",,"http://hdl.handle.net/2333.1/p5hqc5rq",,,,,
"RG_9_8_23","Henderson, Butler T. -- Executive Director of the Earl Warren Legal Training Program of the NAACP's Legal Defense and Education Fund","Dr. Roscoe C. Brown, Jr. and Butler T. Henderson discuss the recruitment and training of Black lawyers.","1977-09-22",,"Politics & Community Affairs",,"http://hdl.handle.net/2333.1/jdfn358t",,,,,
"RG_9_8_24","McDougald, Drew -- Director of the Queens Branch of the New York Urban League and Carlisle Towery and Executive Director of the Greater Jamaica Development Corporation","Dr. Roscoe C. Brown, Jr., Drew McDougald, and Carlisle Towery discuss the social development and the economic potential for the borrough of Queens. Of interest was the closing of Macy's Jamaica branch.",1977,"In progress","Politics & Community Affairs",,"http://hdl.handle.net/2333.1/dncjt4rb",,,,,
"RG_9_8_25","Williams, Charles T. ""Chuck"" -- Vice President of the Schenley Affiliated Brands Corporation and Member of the Board for the Jackie Robinson Foundation","Dr. Roscoe C. Brown, Jr. and Charles T. ""Chuck"" Williams discuss how Jackie Robinson -- a man they both knew well -- created opportunities for Black athletes, as well as fought for social, economic, and political justice for all Americans. However, a cause of particular interest to Robinson was providing educational and recreational opportunities for economically-deprived Black children. As a result, the Jackie Robinson Foundation identified its objective as providing support for Black children through an internship program.","1977-10-06","In progress","Politics & Community Affairs",,"http://hdl.handle.net/2333.1/8w9gj46z",,,,,
"RG_9_8_27","Barnes, Arthur and Reverend Frederick E. Dennard -- President of the Urban Coalition and Executive Director of Harlem Interfaith Counseling Service","Dr. Roscoe C. Brown, Jr., Reverend Frederick E. Dennard, and Arthur Barnes discuss the mental health and spiritual guidance services offered by the New York Urban Coalition's Interfaith Counseling Services project in Harlem.","1977-11-03",,"Politics & Community Affairs",,"http://hdl.handle.net/2333.1/1c5b035h",,,,,
"RG_9_8_28","Lynch, Professor Hollis -- Political Scientist and African History Specialist from Columbia University","Dr. Roscoe C. Brown, Jr. and Professor Hollis Lynch speak about the political state of South Africa and its impact, especially its economic affect on the rest of the world.","1977-11-17",,"Politics & Community Affairs",,"http://hdl.handle.net/2333.1/wm37q2wq",,,,,
"RG_9_8_37","Huggins, Dr. Nathan -- Professor of History at Columbia University and Author of <emph render=""italic"">Black Odyssey</emph>","During the 1970s, books on slavery proliferated. Dr. Roscoe C. Brown, Jr. and Dr. Nathan Huggins discuss the argument Huggins makes in his book <emph render=""italic"">Black Odyssey</emph>. He argues America was a slave society rather than a free society, or rather slavery was an indigenous part of the development of America.","1978-06-08",,"Politics & Community Affairs",,"http://hdl.handle.net/2333.1/n5tb2zk3",,,,,
"RG_9_8_38","Bullins, Ed -- Author of <emph render=""italic"">The Taking of Miss Janie</emph>","Dr. Roscoe C. Brown, Jr. and Ed Bullins discuss Bullin's piece <emph render=""italic"">The Taking of Miss Janie</emph>, a play about Black and white relations during the 1960s. At the time of their discussion, the play was being performed at the Mitzi Newhouse Theatre in Lincoln Center.","1975-07-01",,"Culture & the arts",,"http://hdl.handle.net/2333.1/hdr7sz2t",,,,,
"RG_9_8_41","Mays, Charles and Herb Douglas -- Director of the Black Athletes Hall of Frame, and Vice President of Shefflin Corporation and Chairman of the Board of the Black Athletes Hall of Fame","Dr. Roscoe C. Brown, Jr. and athletes Charles Mays and Herb Douglas discuss the formation and significance of the Black Athletes Hall of Fame.","1974-12-10",,"Culture & the arts",,"http://hdl.handle.net/2333.1/44j0zwgn",,,,,
"RG_9_8_42","Bryant, Linda -- Director of the Just Above Midtown Gallery","Dr. Roscoe C. Brown, Jr. and Linda Bryant discuss the opening of the Just Above Midtown Gallery at 50 West 57 Street, a gallery formed to promote 20th-century Afro-American artists.","1974-12-03","Finished","Culture & the arts","Y","http://hdl.handle.net/2333.1/0cfxpw0n",,,,,
"RG_9_8_43","Artist, Ruth -- Interior Decorator","Dr. Roscoe C. Brown, Jr. and Ruth Artist discuss interior decorating.","1974-11-26","Finished","Culture & the arts","Y","http://hdl.handle.net/2333.1/vq83bsbf",,,,,
"RG_9_8_44","Patterson, Basil -- Vice Chairman of the Democratic National Committee.","Dr. Roscoe C. Brown, Jr. and Basil Patterson discuss the potential impact of the Watergate scandal on Black America.",1974,,"Politics & Community Affairs",,"http://hdl.handle.net/2333.1/qz612rvb",,,,,
"RG_9_8_45","Broughton, Modeen and Cheryl Goggins -- Coordinator and Assistant Coordinator of the Congressional Black Caucus Dinner","Dr. Roscoe C. Brown, Jr., Modeen Broughton, and Cheryl Goggins discuss the significance of the Black Caucus Dinner, an important political affair of the year for Black officials, and how the funds raised by the event are utilized.","1974-09-24",,"Politics & Community Affairs",,"http://hdl.handle.net/2333.1/m63xsrb0",,,,,
"RG_9_8_46","Pinero, Miguel -- Playwright and Author of <emph render=""italic"">Short Eyes</emph>","Dr. Roscoe C. Brown, Jr. and Miguel Pinero discuss Pinero's play <emph render=""italic"">Short Eyes</emph>.","1974-09-10","In progress","Culture & the arts",,"http://hdl.handle.net/2333.1/gf1vhqsd",,,,,
"RG_9_8_47","Meminger, Dean -- American Basketball Player of the New York Knicks and the Atlanta Hawks","Dr. Roscoe C. Brown, Jr. and Dean Meminger discuss how Black athletes are contributing to their communities.","1974-09-17","Finished","Culture & the arts",,"http://hdl.handle.net/2333.1/bnzs7q86",,,,,
"RG_9_8_48","Williams, Bob and Ronald Lee Gaudreau -- Executive Vice President of the New York City Bicentennial Corporation, and the Director of Community Programs for the New York City Bicentennial Corporation","Dr. Roscoe C. Brown, Jr., Bob Williams, and Ronald Lee Gaudreau discuss New York City events surrounding the American Bicentennial.","1974-08-20",,"Politics & Community Affairs",,"http://hdl.handle.net/2333.1/6wwpzprq",,,,,
"RG_9_8_49","Higgins, Chester, Jr. -- Photographer","Dr. Roscoe C. Brown, Jr. and Chester Higgins, Jr. discuss the role and impact of the Black photographer.","1974-08-13",,"Culture & the arts",,"http://hdl.handle.net/2333.1/34tmpp93",,,,,
"RG_9_8_50","Green, Essie -- Social Services Research Specialist","Dr. Roscoe C. Brown, Jr. and Essie Green discuss how changes to New York's Social Services Law would impact the Black community.","1974-08-06",,"Politics & Community Affairs",,"http://hdl.handle.net/2333.1/zgmsbkk9",,,,,
"RG_9_8_51","Williams, Bob -- Founder of the Sports Foundation and the Director of Community Programs for the New York City Bicentennial Corporation","Dr. Roscoe C. Brown, Jr. and Bob Williams discuss whether or not there is too much emphasis on athletics in the Black community.","1974-06-04","In progress","Culture & the arts",,"http://hdl.handle.net/2333.1/tqjq2k4n",,,,,
"RG_9_8_54","Bertram, Cliff -- Track Coach at New York University","Dr. Roscoe C. Brown, Jr. and Cliff Bertram discuss the future of track at New York University and the greater New York metropolitan area.","1974-01-14",,"Culture & the arts",,"http://hdl.handle.net/2333.1/ffbg7hh7",,,,,
"RG_9_8_55","Williams, Charles -- Assistant Council of the NAACP Legal Defense Fund","Dr. Roscoe C. Brown, Jr. and Charles Williams discuss racism and the guidelines the NAACP Legal Defense Fund uses when selecting discrimination cases for representation.","1973-12-16","Finished","Politics & Community Affairs","Y","http://hdl.handle.net/2333.1/9p8czh0z",,,,,
"RG_9_8_57","Rowe, Billy and John Procope -- Journalist, and the Publisher of <emph render=""italic"">NY Amsterdam News</emph>","Dr. Roscoe C. Brown, Jr., Billy Rowe, and John Procope discuss the 150th Anniversary of the founding of the Black press, which began with Samuel Cornish's and John B. Russwurm's newspaper <emph render=""italic"">Freedom's Journal</emph>.","1977-06-21",,"Culture & the arts",,"http://hdl.handle.net/2333.1/280gbcqm",,,,,
"RG_9_8_58","Stewart, Ellen -- La MaMa Experimental Theatre Club","Dr. Roscoe C. Brown, Jr. and Ellen Stewart discuss international theatre, including La MaMa's decision to begin touring Europe in 1965 when critics were not reviewing their shows.","1977-05-10","Finished","Culture & the arts","Y","http://hdl.handle.net/2333.1/xgxd2cdv",,,,,
"RG_9_8_59","Cooper, Jocelyn and Patricia Dempsey -- Coordinator of Foods and Nutrition of the Council Against Poverty and the Community Development Agency, and the Deputy Director of Food-Stamp Alert","Dr. Roscoe C. Brown, Jr., Jocelyn Cooper, and Patricia Dempsey discuss why over a million Black individuals who are eligible for food stamps are not receiving such benefits.","1977-03-22","Finished","Politics & Community Affairs","Y","http://hdl.handle.net/2333.1/sqv9sbv4",,,,,
"RG_9_8_5","Barron, Allan -- Publisher of <emph render=""italic"">Black Sports Magazine</emph>","Dr. Roscoe C. Brown, Jr. and Allan Barron discuss the Black Sports Hall of Fame, created by <emph render=""italic"">Black Sports Magazine</emph>.","1973-08-26","Finished","Culture & the arts",,"http://hdl.handle.net/2333.1/m905qp1x",,,,,
"RG_9_8_60","Burns, Dr. Haywood -- Associate Professor of Law at the New York University School of Law","Dr. Roscoe C. Brown, Jr. and Dr. Haywood Burns discuss the controversial appointment of Griffin Bell to the position of Attorney General of the United States.","1977-03-08",,"Politics & Community Affairs",,"http://hdl.handle.net/2333.1/nzs7hb9r",,,,,
"RG_9_8_61","French, Arthur -- Performer in the Negro Ensemble Company's Play <emph render=""italic"">Brownsville Raid</emph>","Dr. Roscoe C. Brown, Jr. and Arthur French discuss how, on August 13, 1906, 167 Black soldiers of the 25th Infantry Division were dishonorably discharged by Theodore Roosevelt for their participation in the now infamous Brownsville Raid.","1977-03-01","In progress","Culture & the arts",,"http://hdl.handle.net/2333.1/j6q579sf",,,,,
"RG_9_8_62","Ward, Willie and Howard Scheffey -- President, and Past President and Chairman of the Board of the New York City Black Policemen's Organization The Guardians","Dr. Roscoe C. Brown, Jr., Willie Ward, and Howard Scheffey discuss Black policemen in New York City, their affiliation with the Police Benevolent Association (PBA), and the way in which criminal justice and law enforcement is applied within the Black community. Their discussion occurs shortly after The Guardians Association of the Police Department of the City of New York, the Black policeman's organization of New York City, endorsed implementation of a resolution to terminante affiliation with the PBA.","1977-02-22",,"Politics & Community Affairs",,"http://hdl.handle.net/2333.1/dfn2z985",,,,,
"RG_9_8_63","Deas, Dr. Gerald -- Physician from the Department of Internal Medicine at Jamaica Hospital","Dr. Roscoe C. Brown, Jr. and Dr. Gerald Deas discuss the consumption of laundry starch by tens of thousands of Black Americans and how its consumption leads to a higher proportion of iron deficiency anemia in the Black population.","1977-01-19","Finished","Politics & Community Affairs",,"http://hdl.handle.net/2333.1/8pk0p8t9",,,,,
"RG_9_8_65","Bondurant, Marion, Dr. Beny J. Primm, and Clementine Butts -- Director of Development, Co-Chairperson, and Benefit Committee Chairperson from National Medical Fellowships, Inc.","Dr. Roscoe C. Brown, Jr., Clementine Butts, Dr. Beny J. Primm, and Marion Bondurant discuss the fundraising efforts of the National Medical Fellowship, Inc. for Black medical students.","1976-10-26",,"Politics & Community Affairs",,"http://hdl.handle.net/2333.1/189325j5",,,,,
"RG_9_8_66","Patterson, Pat -- Editor-At-Large at <emph render=""italic"">Black Enterprise</emph> Magazine and Instructor from the Association for Journalism's Summer Institute for Minorities","Dr. Roscoe C. Brown, Jr. and Pat Patterson discuss reasons why only two percent of those employed in the field of journalism are from minority groups.","1976-10-12","Finished","Culture & the arts",,"http://hdl.handle.net/2333.1/wh70s54m",,,,,
"RG_9_8_68","Barron, Allan -- Publisher of <emph render=""italic"">Black Sports Magazine</emph>","Dr. Roscoe C. Brown, Jr. and Allan Barron discuss how sports became a major part of Black life in America.","1975-11-11",,"Culture & the arts",,"http://hdl.handle.net/2333.1/n02v742t",,,,,
"RG_9_8_69","Taylor, Emory -- Director of the Harlem Opera Society","Dr. Roscoe C. Brown, Jr. and Emory Taylor discuss the history and work of the Harlem Opera Society, which was responsible for 40 performances a year, including two to three Black operas in the New York metropolitan area.","1975-09-09","Finished","Culture & the arts","Y","http://hdl.handle.net/2333.1/h70rz3kk",,,,,
"RG_9_8_6","Covington, William -- Special Assistant to the Project Director of the Urban League's Youth Enrichment Program","Dr. Roscoe C. Brown, Jr. and William Covington discuss how the Urban League's Youth Enrichment Program tries to help youth placed on probabtion by the courts through activities like outdoor living and education.","1973-11-20","Finished","Culture & the arts",,"http://hdl.handle.net/2333.1/ghx3fnjr",,,,,
"RG_9_8_71","Hamilton, Dr. Charles -- Political Scientist and President of the Metropolitan Applied Research Center","Dr. Roscoe C. Brown, Jr. and Dr. Charles Hamilton discuss the future of the Metropolitan Applied Research Center, a non-profit organization concerned with research on matters of urgency for the Black community.","1975-08-05",,"Politics & Community Affairs",,"http://hdl.handle.net/2333.1/7sqvb07v",,,,,
"RG_9_8_72","King, Angela -- Social Affairs Officer of the United Nations","Dr. Roscoe C. Brown, Jr. and Angela King discuss the creation of International Women's Year by the United Nations in order to recognize accomplishments and discuss problems faced by women across the globe.","1975-07-15",,"Politics & Community Affairs",,"http://hdl.handle.net/2333.1/41ns1zrm",,,,,
"RG_9_8_73","Walker, Dr. Wyatt T. -- Canaan Baptist Church of Harlem","Dr. Roscoe C. Brown, Jr. and Dr. Wyatt T. Walker discuss the role of the Black church, which, historically, was the most pervasive social force within the Black community.","1976-05-11",,"Politics & Community Affairs",,"http://hdl.handle.net/2333.1/08kprz63",,,,,
"RG_9_8_75","Carr, Ivory -- Director of the Outpatient Department at the Jewish Hospital and Medical Center of Brooklyn","Dr. Roscoe C. Brown, Jr. and Ivory Carr discuss how outpatient medical care for many New Yorkers may be threatened by proposed cutbacks in the Ghetto Medicine Program.","1977-05-21",,"Politics & Community Affairs",,"http://hdl.handle.net/2333.1/vhhmgxvz",,,,,
"RG_9_8_76","Rainford, Patricia Luces -- Associate Director of the Bronx Municipal Hospital Center","Dr. Roscoe C. Brown, Jr. and Patricia Luces Rainford discuss the future of New York's 18 municipal hospitals during New York's fiscal crisis.","1975-10-29",,"Politics & Community Affairs",,"http://hdl.handle.net/2333.1/qrfj6xbt",,,,,
"RG_9_8_78","Higginson, Vy -- Founder and Publisher of <emph render=""italic"">Unique New York</emph> Magazine","Dr. Roscoe C. Brown, Jr. and Vy Higginson discuss Higginson's transition from radio personality to publisher of <emph render=""italic"">Unique New York</emph>, a lifestyle magazine and entertainment guide for the New York's Black community.","1977-12-18","Finished","Culture & the arts","Y","http://hdl.handle.net/2333.1/m0cfxwwv",,,,,
"RG_9_8_79","Killens, John O. -- Author of the Historic Novel <emph render=""italic"">Young Blood</emph>","Dr. Roscoe C. Brown, Jr. and novelist John O. Killens discuss the state of Black writing.","1974-08-27","Finished","Culture & the arts",,"http://hdl.handle.net/2333.1/g79cnwdz",,,,,
"RG_9_8_7","Christmas, Dr. June -- Commissioner for New York City's Department of Mental Health and Mental Retardation","Dr. Roscoe C. Brown, Jr. and Dr. June Christmas discuss some of the mental health problems affecting the New York community, including drug abuse, suicide, emotional instability, psychosis, and mental retardation.","1974-03-19",,"Politics & Community Affairs",,"http://hdl.handle.net/2333.1/bvq83jq7",,,,,
"RG_9_8_81","Lacy, Diane -- Coordinator of the National Conference on Drug Abuse","Dr. Roscoe C. Brown, Jr. and Diane Lacy discuss some of the ways the National Conference on Drug Abuse could affect drug problems in America. They also discuss the role of the professional woman in eliminating such problems within the Black community.","1973-12-11",,"Politics & Community Affairs",,"http://hdl.handle.net/2333.1/bvq83jrg",,,,,
"RG_9_8_82","Finch, Connie -- Sophomore NYU Student involved in Black Student Affairs","Dr. Roscoe C. Brown, Jr. and Connie Finch discuss contemporary Black student political views and how they differ from the Black student activism of the 1960s.","1973-09-25","Finished","Politics & Community Affairs","Y","http://hdl.handle.net/2333.1/bk3j9sj6",,,,,
"RG_9_8_83","Russell, Harvey C. -- Vice President of PepsiCo and Co-Chairman of the Congressional Black Caucus Dinner","Dr. Roscoe C. Brown, Jr. and Harvey C. Russell discuss the purpose of the Congressional Black Caucus and supporters of their annual fundraising dinner in Washington D.C.","1973-09-16",,"Politics & Community Affairs",,"http://hdl.handle.net/2333.1/6t1g1s29",,,,,
"RG_9_8_84","Addison, Gayle -- Writer, Critic and Associate Professor of English at Baruch College of the City University of New York","Dr. Roscoe C. Brown, Jr. and Gayle Addison discuss the status of Black writing.","1975-11-12","Finished","Culture & the arts",,"http://hdl.handle.net/2333.1/31zcrrg9",,,,,
"RG_9_8_86","Moses, Gil -- Director of the Broadway Play <emph render=""italic"">Ain't Supposed to Die a Natural Death</emph>","Dr. Roscoe C. Brown, Jr. and Gil Moses discuss the Broadway play <emph render=""italic"">Ain't Supposed to Die a Natural Death</emph>.","1971-10-26","Finished","Culture & the arts",,"http://hdl.handle.net/2333.1/tht76qm1",,,,,
"RG_9_8_88","Dorsey, Carolyn -- Instructor at the NYU School of Education and Fellow at the NYU Institute of Afro-American Affairs","Dr. Roscoe C. Brown, Jr. and Carolyn Dorsey discuss whether or not Black studies has fullfilled its potential and identify what they believe to be the areas of greatest importance within the field of Black studies.","1973-06-19",,"Politics & Community Affairs",,"http://hdl.handle.net/2333.1/prr4xq40",,,,,
"RG_9_8_8","Capers, Virginia -- Actress in the Musical <emph render=""italic"">Raisin</emph>","Dr. Roscoe C. Brown, Jr. and Virginia Capers discuss the musical <emph render=""italic"">Raisin</emph>.","1974-03-26","Finished","Culture & the arts",,"http://hdl.handle.net/2333.1/73n5tj77",,,,,
"RG_9_8_90","White, Dr. Herbert L. -- Testing Specialist and the Director of the Executive Unit of the Rep Program of the New York City Department of Personnel","Dr. Roscoe C. Brown, Jr. and Dr. Herbert L. White discuss the fairness of civil service testing.","1974-05-21",,"Politics & Community Affairs",,"http://hdl.handle.net/2333.1/fbg79ktd",,,,,
"RG_9_8_91","Dempsey, Ellen and Charlotte Frank -- Project Coordinator for the New York City Bicentennial Corporation and a Representative from the New York City Board of Education ""Scholars Series""","Dr. Roscoe C. Brown, Jr., Ellen Dempsey, and Charlotte Frank discuss curriculumn development in New York City schools with discipline issues and overcrowding.","1977-11-03",,"Politics & Community Affairs",,"http://hdl.handle.net/2333.1/9kd51kbh",,,,,
"RG_9_8_9","Kemp, Emme -- Singer and Composer","Dr. Roscoe C. Brown, Jr. and Emme Kemp discuss ways a composer can combine the popular and the classical in Black music.","1974-05-14",,"Culture & the arts",,"http://hdl.handle.net/2333.1/3bk3jhnd",,,,,
"RG_9_8_144","Sparks, George and William Alston -- Grand Master of the King George Grand Lodge and Publisher of the<emph render=""italic""> Long Island Courier</emph>","Dr. Roscoe C. Brown, Jr., George Sparks, and William Alston discuss the role of the Black mason.","1975-09-23","Reviewed",,"Y","http://hdl.handle.net/2333.1/0zpc8dc1",,,,,
"RG_9_8_182","Patterson, John, Jr. -- President of the South Bronx Economic Development Corporation","Dr. Roscoe C. Brown, Jr. and John Patterson, Jr. discuss the Bronx businesses aided by the South Bronx Economic Decvelopment Corporation.","1976-06-30","Reviewed",,"Y","http://hdl.handle.net/2333.1/gtht7dqr",,,,,
"RG_9_8_185","Martin, Bob -- Director of Communications for the Capital Formation Corporation","Dr. Roscoe C. Brown, Jr. and Bob Martin discuss the successes and failures of Black business and the future of Black economic development.","1974-07-17","Finished",,"Y","http://hdl.handle.net/2333.1/3j9kdc3j",,,,,
"RG_9_8_187","Sandler, Joan -- Executive Director of the Black Theatre Alliance","Dr. Roscoe C. Brown, Jr. and Joan Sandler discuss the fall season of Black theater in New York, as well as what goals can be met when theaters come together through collectives like the Black Theatre Alliance.","1974-10-09","In progress",,"Y","http://hdl.handle.net/2333.1/v41ns81q",,,,,
"RG_9_8_192","Neal, James -- Representative from National Artists Coalition, Inc.","Dr. Roscoe C. Brown, Jr. and James Neale discuss themes in contemporary Black art, as well as how the public can help Black artists.","1974-10-02","In progress",,"Y","http://hdl.handle.net/2333.1/69p8d5d0",,,,,
"RG_9_8_196","Bullock, Kathleen, Mark Millander, and Terry Smith -- Students from the New York City Executive High School Intern Program","Dr. Roscoe C. Brown, Jr. and students Kathleen Bullock, Mark Millander, and Terry Smith discuss the professional development opportunities made available by the New York City Executive High School Intern Program.","1976-01-21","Reviewed",,"Y","http://hdl.handle.net/2333.1/pc86719p",,,,,
"RG_9_8_199","Alston, Dr. Lester -- Clinical Psychologist and Associate Professor of Education at Baruch College of the City University of New York","Dr. Roscoe C. Brown, Jr. and Dr. Lester Alston discuss mental health issues in the Black community.","1977-01-12","Reviewed",,"Y","http://hdl.handle.net/2333.1/931zczp0",,,,,
"RG_9_8_200","McIntyre, Diane -- Choreographer for the Negro Ensemble Company's Production of <emph render=""italic"">The Great MacDaddy</emph> and Founder of the Company, Sounds and Motion","Dr. Roscoe C. Brown, Jr. and Diane McIntyre discuss the field of choreography and McIntyre's company Sounds and Motion.",1977,"In progress",,,"http://hdl.handle.net/2333.1/59zw3z78",,,,,
"RG_9_8_201","Byer, Lavenia, Jeanette Fields, and Andrew Henderson -- Coordinator, Chairperson and Consultant from the Freedom Funds United Foundation","Dr. Roscoe C. Brown, Jr., Lavenia Byer, Andrew Henderson, and Jeanette Fields speak about the programs of the Freedom Funds Cultural Train, which were developed to bring the Black community together and to create a more positive image of the community.","1977-09-13","Finished",,"Y","http://hdl.handle.net/2333.1/1ns1rvcg",,,,,
"RG_9_8_203","Chance, Cathy -- Special Assistant for Urban Affairs at the Metropolitan Museum of Art","Dr. Roscoe C. Brown, Jr. and Cathy Chance discuss programming of the Metropolitan Museum of Art that is relevant to the Black and Hispanic communities of New York.","1978-01-19","In progress",,,"http://hdl.handle.net/2333.1/wwpzgv3x",,,,,
"RG_9_8_207","Sullivan, Maxine -- Singer","Dr. Roscoe C. Brown, Jr. and singer Maxine Sullivan discuss Sullivan's singing career and the history of Black music.","1974-03-12","Reviewed",,"Y","http://hdl.handle.net/2333.1/ncjsxt0v",,,,,
"RG_9_8_209","Patterson, Basil -- Vice Chairman of the Democratic National Committee","Dr. Roscoe C. Brown, Jr. and Basil Patterson discuss the Black political scene after Watergate.","1974-04-23","Reviewed",,"Y","http://hdl.handle.net/2333.1/cvdncrxx",,,,,
"RG_9_8_26","Jordan, Richard -- Director of the Urban Services Division of the Boys Clubs of America","Dr. Roscoe C. Brown, Jr. and Richard Jordan discuss how the urban divisions of the Boys Clubs of American seek to offer youths an alternative residence, a home away from home, as well as access to other services and leisurely activities.","1977-10-13","Reviewed",,"Y","http://hdl.handle.net/2333.1/547d83pn",,,,,
"RG_9_8_29","Huggins, Dr. Nathan -- Professor of History at Columbia University and Author of <emph render=""italic"">Black Odyssey</emph>","Dr. Roscoe C. Brown, Jr. and Dr. Nathan Huggins speak about the reception of Huggins' book <emph render=""italic"">Black Odyssey</emph>, which tells the history of the African-American people with an emphasis on slavery.","1977-12-01","In progress",,,"http://hdl.handle.net/2333.1/rxwdc013",,,,,
"RG_9_8_2","Davis, Nat -- Assistant Director for the Community-Oriented Drug Education Program of Harlem Teams for Self-Help","Dr. Roscoe C. Brown, Jr. and Nat Davis address the problem of drug addiction in inner-city communities like Harlem.","1973-07-29","In progress",,,"http://hdl.handle.net/2333.1/r2280phz",,,,,
"RG_9_8_40","Goodwin, Steven -- Investment Executive and Investment Counselor at Hayden Stone and Company","Dr. Roscoe C. Brown, Jr. and Steven Goodwin discuss the basic principles of the stock market and why the Black community should be interested in the market.","1974-12-17","Finished",,"Y","http://hdl.handle.net/2333.1/7wm37x03",,,,,
"RG_9_8_52","Boyd, Dr. Robert -- Associate Professor of Dentistry and Chairman of the Minority Recruitment Committee at the Brookdale Dental Center for the NYU College of Dentistry","Dr. Roscoe C. Brown, Jr. and Dr. Robert Boyd discuss the number of Black dentists in the New York area and recruiting minorities to the dental professions.","1974-02-05","Finished",,"Y","http://hdl.handle.net/2333.1/pzgmsjkx",,,,,
"RG_9_8_53","Salamu, Mashujaa A. and Khaliq Abdul Al Rouf -- Musicians from the Group Ensemble, Al Salaam","Dr. Roscoe C. Brown, Jr., Khaliq Abdul Al Rouf, and Mashujaa A. Salamu discuss the composition and reception of new Black music, as well as the creation of music-related businesses.","1974-01-21","In progress",,,"http://hdl.handle.net/2333.1/k6djhj1k",,,,,
"RG_9_8_56","Barron, Allan -- Editor and Publisher of <emph render=""italic"">Black Sports Magazine</emph>","Dr. Roscoe C. Brown, Jr. and Allan Barron discuss some of the persisting, negative racial attitudes in sports despite the growing number of successful Black athletes.","1977-07-20","Reviewed",,"Y","http://hdl.handle.net/2333.1/5x69pghv",,,,,
"RG_9_8_67","Carter, Dr. Ralph D. -- Assistant Professor of History at Livingston College of Rutgers University","Dr. Roscoe C. Brown, Jr. and Dr. Ralph D. Carter discuss the Black community's participation in and perspective on the American Bicentennial.","1976-09-26","Reviewed",,"Y","http://hdl.handle.net/2333.1/rr4xh4kx",,,,,
"RG_9_8_89","Jordan, Richard -- Director of National Urban Services for the Boys Club of America","Dr. Roscoe C. Brown, Jr. and Richard Jordan discuss the commitment of the Boys Clubs of America to inner-city, minority youth.","1975-02-18","Reviewed",,"Y","http://hdl.handle.net/2333.1/k3j9km9h",,,,,
"RG_9_8_94","Anglada, Mario -- Executive Director of ASPIRA of New York","Dr. Roscoe C. Brown, Jr. and Mario Anglada discuss social problems of Puerto Rican youth, including competition between Blacks and Puerto Ricans for educational funding. They also discuss how non-profit organizations like ASPIRA can help with these issues.","1973-11-13","Reviewed",,"Y","http://hdl.handle.net/2333.1/5tb2rjss",,,,,
"RG_9_8_98","Taylor, Cecil -- Musician","Dr. Roscoe C. Brown, Jr. and Cecil Taylor discuss the themes, forms, and meanings of Black music.","1973-11-27","Reviewed",,"Y","http://hdl.handle.net/2333.1/x95x6hxf",,,,,
"RG_9_8_155","Jeffries, Dr. Leonard -- Director of Black Studies at the City College of New York","Dr. Roscoe C. Brown, Jr. and Dr. Leonard Jeffries discuss the future of Black Studies and which courses seem to be most successful for students.","1974-12-11","Finished",,"Y","http://hdl.handle.net/2333.1/kprr54ps",,,,,
"RG_9_8_153","Wright, Dr. Stephen -- Vice President of the College Entrance Examination Board","Dr. Roscoe C. Brown, Jr. and Dr. Stephen Wright discuss higher education opportunities for Black students.","1975-09-17",,,,"http://hdl.handle.net/2333.1/v6wwq5p1",,,,,
